{"main":"american-flights-api.raml","name":"American Flights API","organizationId":"cb4d83b7-74bd-4514-8d9d-e57f52fa32de","groupId":"cb4d83b7-74bd-4514-8d9d-e57f52fa32de","assetId":"american-flights-api","version":"1.0.1","metadata":{"branchId":"master","commitId":"f2d3c3e65371f7eca13ab655c2c225947c249fac","projectId":"01ffd840-820b-43c5-b52d-6469aa60dc5d"},"apiVersion":"v1","classifier":"raml","dependencies":[{"assetId":"training-american-flight-data-type","groupId":"68ef9520-24e9-4cf2-b2f5-620025690913","version":"1.0.1"},{"assetId":"training-american-flights-example","groupId":"68ef9520-24e9-4cf2-b2f5-620025690913","version":"1.0.1"}],"tags":[],"originalFormatVersion":"1.0"}